,name,species,gender,house,date_of_birth,year_of_birth,wizard,ancestry,eye_color,hair_color,wand,patronus,hogwarts_student,hogwarts_staff
0,Harry Potter,human,male,Gryffindor,31-07-1980,1980.0,True,half-blood,green,black,"{'wood': 'holly', 'core': 'phoenix feather', 'length': 11}",stag,True,False
1,Hermione Granger,human,female,Gryffindor,19-09-1979,1979.0,True,muggleborn,brown,brown,"{'wood': 'vine', 'core': 'dragon heartstring', 'length': None}",otter,True,False
2,Ron Weasley,human,male,Gryffindor,01-03-1980,1980.0,True,pure-blood,blue,red,"{'wood': 'willow', 'core': 'unicorn tail-hair', 'length': 14}",Jack Russell terrier,True,False
3,Draco Malfoy,human,male,Slytherin,05-06-1980,1980.0,True,pure-blood,grey,blonde,"{'wood': 'hawthorn', 'core': 'unicorn tail-hair', 'length': 10}",,True,False
4,Minerva McGonagall,human,female,Gryffindor,04-10-1925,1925.0,True,half-blood,,black,"{'wood': 'fir', 'core': 'dragon heartstring', 'length': None}",tabby cat,False,True
5,Cedric Diggory,human,male,Hufflepuff,,1977.0,True,,grey,brown,"{'wood': 'ash', 'core': 'unicorn hair', 'length': 12.25}",,True,False
6,Cho Chang,human,female,Ravenclaw,,,True,,brown,black,"{'wood': '', 'core': '', 'length': None}",swan,True,False
7,Severus Snape,human,male,Slytherin,09-01-1960,1960.0,True,half-blood,black,black,"{'wood': '', 'core': '', 'length': None}",doe,False,True
8,Rubeus Hagrid,half-giant,male,Gryffindor,06-12-1928,1928.0,True,half-blood,black,black,"{'wood': 'oak', 'core': '', 'length': 16}",,False,True
9,Neville Longbottom,human,male,Gryffindor,30-07-1980,1980.0,True,pure-blood,,blonde,"{'wood': 'cherry', 'core': 'unicorn tail-hair', 'length': 13}",Non-Corporeal,True,False
10,Luna Lovegood,human,female,Ravenclaw,13-02-1981,1981.0,True,,grey,blonde,"{'wood': '', 'core': '', 'length': None}",hare,True,False
11,Ginny Weasley,human,female,Gryffindor,11-08-1981,1981.0,True,pure-blood,brown,red,"{'wood': 'yew', 'core': '', 'length': None}",horse,True,False
12,Sirius Black,human,male,Gryffindor,03-11-1959,1959.0,True,pure-blood,grey,black,"{'wood': '', 'core': '', 'length': None}",hare,False,False
13,Remus Lupin,werewolf,male,Gryffindor,10-03-1960,1960.0,True,half-blood,green,brown,"{'wood': 'cypress', 'core': 'unicorn tail-hair', 'length': 10.25}",wolf,False,True
14,Arthur Weasley,human,male,Gryffindor,06-02-1950,1950.0,True,pure-blood,blue,red,"{'wood': '', 'core': '', 'length': None}",weasel,False,False
15,Bellatrix Lestrange,human,female,Slytherin,,1951.0,True,pure-blood,brown,black,"{'wood': 'walnut', 'core': 'dragon heartstring', 'length': 12.75}",,False,False
16,Lord Voldemort,human,male,Slytherin,31-12-1926,1926.0,True,half-blood,red,bald,"{'wood': 'yew', 'core': 'phoenix feather', 'length': 13.5}",,False,False
17,Horace Slughorn,human,male,Slytherin,,,True,pure-blood,green,blonde,"{'wood': 'cedar', 'core': 'dragon heartstring', 'length': 10.25}",,False,True
18,Kingsley Shacklebolt,human,male,,,,True,pure-blood,brown,brown,"{'wood': '', 'core': '', 'length': None}",lynx,False,False
19,Dolores Umbridge,human,female,Slytherin,,,True,half-blood,brown,grey,"{'wood': 'birch', 'core': 'dragon heartstring', 'length': 8}",persian cat,False,True
20,Lucius Malfoy,human,male,Slytherin,,1954.0,True,pure-blood,grey,blonde,"{'wood': 'elm', 'core': 'dragon heartstring', 'length': 18}",,False,False
21,Vincent Crabbe,human,male,Slytherin,,,True,pure-blood,black,black,"{'wood': '', 'core': '', 'length': None}",,True,False
22,Gregory Goyle,human,male,Slytherin,,,True,pure-blood,,brown,"{'wood': '', 'core': '', 'length': None}",,True,False
23,Mrs Norris,cat,female,,,,False,,yellow,brown,"{'wood': '', 'core': '', 'length': None}",,False,True
24,Argus Filch,human,male,,,,False,squib,,grey,"{'wood': '', 'core': '', 'length': None}",,False,True
25,Vernon Dursley,human,male,,,,False,muggle,,,"{'wood': '', 'core': '', 'length': None}",,False,False
26,Petunia Dursley,human,female,,,,False,muggle,,blonde,"{'wood': '', 'core': '', 'length': None}",,False,False
27,Dudley Dursley,human,male,,,,False,muggle,blue,blond,"{'wood': '', 'core': '', 'length': None}",,False,False
28,Lily Potter,human,female,Gryffindor,30-01-1960,1960.0,True,muggleborn,green,,"{'wood': 'willow', 'core': '', 'length': 10.25}",,False,False
29,James Potter,human,male,Gryffindor,27-03-1960,1960.0,True,pure-blood,,black,"{'wood': 'mahogany', 'core': '', 'length': 11}",stag,False,False
30,Albus Dumbledore,human,male,Gryffindor,,1881.0,True,half-blood,blue,silver,"{'wood': '', 'core': '', 'length': None}",,False,True
31,Madam Pomfrey,human,female,,,,True,,,,"{'wood': '', 'core': '', 'length': None}",,False,True
32,Mrs Figg,human,female,,,,False,squib,,,"{'wood': '', 'core': '', 'length': None}",,False,False
33,Marge Dursley,human,female,,,,False,muggle,,,"{'wood': '', 'core': '', 'length': None}",,False,False
34,Yvonne,human,female,,,,False,muggle,,,"{'wood': '', 'core': '', 'length': None}",,False,False
35,Piers Polkiss,human,male,,,,False,muggle,,,"{'wood': '', 'core': '', 'length': None}",,False,False
36,Dennis,human,male,,,,False,muggle,,,"{'wood': '', 'core': '', 'length': None}",,False,False
37,Malcolm,human,male,,,,False,muggle,,,"{'wood': '', 'core': '', 'length': None}",,False,False
38,Gordon,human,male,,,,False,muggle,,,"{'wood': '', 'core': '', 'length': None}",,False,False
39,Miranda Gaushawk,human,female,,,,True,,,,"{'wood': '', 'core': '', 'length': None}",,False,False
40,Bathilda Bagshot,human,female,,,,True,,,,"{'wood': '', 'core': '', 'length': None}",,False,False
41,Adalbert Waffling,human,male,,,,True,,,,"{'wood': '', 'core': '', 'length': None}",,False,False
42,Emeric Switch,human,male,,,,True,,,,"{'wood': '', 'core': '', 'length': None}",,False,False
43,Phyllida Spore,human,female,,,,True,,,,"{'wood': '', 'core': '', 'length': None}",,False,False
44,Arsenius Jigger,human,male,,,,True,,,,"{'wood': '', 'core': '', 'length': None}",,False,False
45,Newt Scamander,human,male,Hufflepuff,24-02-1897,1897.0,True,,hazel,brown,"{'wood': '', 'core': '', 'length': None}",,False,False
46,Quentin Trimble,human,male,,,,True,,,,"{'wood': '', 'core': '', 'length': None}",,False,False
47,Tom,human,male,,,,True,,,,"{'wood': '', 'core': '', 'length': None}",,False,False
48,Doris Crockford,human,female,,,,True,,,,"{'wood': '', 'core': '', 'length': None}",,False,False
49,Quirinus Quirrel,human,male,,,,True,,,,"{'wood': '', 'core': '', 'length': None}",,False,True
50,Griphook,goblin,male,,,,False,,,,"{'wood': '', 'core': '', 'length': None}",,False,False
51,Madam Malkin,human,female,,,,True,,,,"{'wood': '', 'core': '', 'length': None}",,False,False
52,Vindictus Viridian,human,male,,,,True,,,,"{'wood': '', 'core': '', 'length': None}",,False,False
53,Garrick Ollivander,human,male,,,,True,,"pale, silvery",,"{'wood': '', 'core': '', 'length': None}",,False,False
54,Hedwig,owl,female,,,,False,,amber,,"{'wood': '', 'core': '', 'length': None}",,False,False
55,Molly Weasley,human,female,Gryffindor,,,True,pure-blood,,red,"{'wood': '', 'core': '', 'length': None}",,False,False
56,Percy Weasley,human,male,Gryffindor,,,True,pure-blood,,red,"{'wood': '', 'core': '', 'length': None}",,True,False
57,Fred Weasley,human,male,Gryffindor,,,True,pure-blood,,red,"{'wood': '', 'core': '', 'length': None}",,True,False
58,George Weasley,human,male,Gryffindor,,,True,pure-blood,,red,"{'wood': '', 'core': '', 'length': None}",,True,False
59,Lee Jordan,human,male,Gryffindor,,,True,,,,"{'wood': '', 'core': '', 'length': None}",,True,False
60,Bill Weasley,human,male,Gryffindor,,,True,pure-blood,,red,"{'wood': '', 'core': '', 'length': None}",,False,False
61,Charlie Weasley,human,male,Gryffindor,,,True,pure-blood,,red,"{'wood': '', 'core': '', 'length': None}",,False,False
62,Fat Friar,ghost,male,Hufflepuff,,,True,,,,"{'wood': '', 'core': '', 'length': None}",,False,False
63,Peeves,poltergeist,male,,,,True,,,,"{'wood': '', 'core': '', 'length': None}",,False,False
64,Hannah Abbott,human,female,Hufflepuff,,,True,half-blood,,blonde,"{'wood': '', 'core': '', 'length': None}",,True,False
65,Susan Bones,human,female,Hufflepuff,,,True,,,,"{'wood': '', 'core': '', 'length': None}",,True,False
66,Terry Boot,human,male,Ravenclaw,,,True,,,,"{'wood': '', 'core': '', 'length': None}",,True,False
67,Mandy Brocklehurst,human,female,Ravenclaw,,,True,,,,"{'wood': '', 'core': '', 'length': None}",,True,False
68,Lavender Brown,human,female,Gryffindor,,,True,,,,"{'wood': '', 'core': '', 'length': None}",,True,False
69,Millicent Bulstrode,human,female,Slytherin,,,True,,,,"{'wood': '', 'core': '', 'length': None}",,True,False
70,Justin Finch-Fletchley,human,male,Hufflepuff,,,True,muggleborn,,,"{'wood': '', 'core': '', 'length': None}",,True,False
71,Seamus Finnegan,human,male,Gryffindor,,,True,half-blood,,sandy,"{'wood': '', 'core': '', 'length': None}",,True,False
72,Morag MacDougal,human,female,,,,True,,,,"{'wood': '', 'core': '', 'length': None}",,True,False
73,Lily Moon,human,female,,,,True,,,,"{'wood': '', 'core': '', 'length': None}",,True,False
74,Theodore Nott,human,male,Slytherin,,,True,pure-blood,,,"{'wood': '', 'core': '', 'length': None}",,True,False
75,Pansy Parkinson,human,female,Slytherin,,,True,,,,"{'wood': '', 'core': '', 'length': None}",,True,False
76,Parvati Patil,human,female,Gryffindor,,,True,,,,"{'wood': '', 'core': '', 'length': None}",,True,False
77,Padma Patil,human,female,Ravenclaw,,,True,,,,"{'wood': '', 'core': '', 'length': None}",,True,False
78,Sally-Anne Perks,human,female,,,,True,,,,"{'wood': '', 'core': '', 'length': None}",,True,False
79,Lisa Turpin,human,female,Ravenclaw,,,True,,,,"{'wood': '', 'core': '', 'length': None}",,True,False
80,Blaise Zabini,human,male,Slytherin,,,True,,,,"{'wood': '', 'core': '', 'length': None}",,True,False
81,Nearly Headless Nick,ghost,male,Gryffindor,,,True,,,,"{'wood': '', 'core': '', 'length': None}",,False,False
82,Bloody Baron,ghost,male,Slytherin,,,True,,,,"{'wood': '', 'core': '', 'length': None}",,False,False
83,Fat Lady,human,female,,,,True,,,,"{'wood': '', 'core': '', 'length': None}",,False,False
84,Pomona Sprout,human,female,Hufflepuff,,,True,,,,"{'wood': '', 'core': '', 'length': None}",,False,True
85,Cuthbert Binns,ghost,male,,,,True,,,,"{'wood': '', 'core': '', 'length': None}",,False,True
86,Emeric the Evil,human,male,,,,True,,,,"{'wood': '', 'core': '', 'length': None}",,False,False
87,Uric the Oddball,human,male,,,,True,,,,"{'wood': '', 'core': '', 'length': None}",,False,False
88,Filius Flitwick,human,male,Ravenclaw,,,True,,,,"{'wood': '', 'core': '', 'length': None}",,False,True
89,Madam Hooch,human,female,,,,True,,yellow,grey,"{'wood': '', 'core': '', 'length': None}",,False,True
90,Oliver Wood,human,male,,,,True,,,,"{'wood': '', 'core': '', 'length': None}",,True,False
91,Gregory the Smarmy,human,male,,,,True,,,,"{'wood': '', 'core': '', 'length': None}",,False,False
92,Wizard Baruffio,human,male,,,,True,,,,"{'wood': '', 'core': '', 'length': None}",,False,False
93,Angelina Johnson,human,female,Gryffindor,,,True,,,,"{'wood': '', 'core': '', 'length': None}",,True,False
94,Marcus Flint,human,male,Slytherin,,,True,,,,"{'wood': '', 'core': '', 'length': None}",,True,False
95,Alicia Spinet,human,female,Gryffindor,,,True,,,,"{'wood': '', 'core': '', 'length': None}",,True,False
96,Katie Bell,human,female,Gryffindor,,,True,,,,"{'wood': '', 'core': '', 'length': None}",,True,False
97,Adrian Pucey,human,male,Slytherin,,,True,,,,"{'wood': '', 'core': '', 'length': None}",,True,False
98,Miles Bletchley,human,male,Slytherin,,,True,,,,"{'wood': '', 'core': '', 'length': None}",,True,False
99,Terrence Higgs,human,male,Slytherin,,,True,,,,"{'wood': '', 'core': '', 'length': None}",,True,False
100,Fluffy,three-headed dog,male,,,,False,,,,"{'wood': '', 'core': '', 'length': None}",,False,False
101,Nicolas Flamel,human,male,,,,True,,,,"{'wood': '', 'core': '', 'length': None}",,False,False
102,Gellert Grindelwald,human,male,,,,True,,blue,blond,"{'wood': '', 'core': '', 'length': None}",,False,False
103,Norberta,dragon,female,,,,False,,orange,,"{'wood': '', 'core': '', 'length': None}",,False,False
104,Ronan,centaur,male,,,,False,,,red,"{'wood': '', 'core': '', 'length': None}",,False,False
105,Bane,centaur,male,,,,False,,,,"{'wood': '', 'core': '', 'length': None}",,False,False
106,Firenze,centaur,male,,,,False,,blue,blond,"{'wood': '', 'core': '', 'length': None}",,False,True
107,Elfrick the Eager,goblin,male,,,,False,,,,"{'wood': '', 'core': '', 'length': None}",,False,False
108,Perenelle Flamel,human,female,,,,True,,,,"{'wood': '', 'core': '', 'length': None}",,False,False
109,Bertie Bott,human,male,,,,True,,,,"{'wood': '', 'core': '', 'length': None}",,False,False
110,Dobby,house-elf,male,,,,False,,green,,"{'wood': '', 'core': '', 'length': None}",,False,False
111,Mr Mason,human,male,,,,False,muggle,,,"{'wood': '', 'core': '', 'length': None}",,False,False
112,Mrs Mason,human,female,,,,False,muggle,,,"{'wood': '', 'core': '', 'length': None}",,False,False
113,Perkins,human,male,,,,True,,,white,"{'wood': '', 'core': '', 'length': None}",,False,False
114,Celestina Warbeck,human,female,Gryffindor,,,True,half-blood,,,"{'wood': 'larch', 'core': 'phoenix feather', 'length': 10.5}",,False,False
115,Gilderoy Lockhart,human,male,,,,True,half-blood,blue,blond,"{'wood': 'cherry', 'core': 'dragon heartstring', 'length': 9}",,False,True
116,Mundungus Fletcher,human,male,,,,True,,,ginger,"{'wood': '', 'core': '', 'length': None}",,False,False
117,Mr Borgin,human,male,,,,True,,,,"{'wood': '', 'core': '', 'length': None}",,False,False
118,Mr Granger,human,male,,,,False,muggle,,,"{'wood': '', 'core': '', 'length': None}",,False,False
119,Mrs Granger,human,female,,,,False,muggle,,,"{'wood': '', 'core': '', 'length': None}",,False,False
120,Dr Filibuster,human,male,,,,True,,,,"{'wood': '', 'core': '', 'length': None}",,False,False
121,Colin Creevey,human,male,Gryffindor,,,True,muggleborn,,,"{'wood': '', 'core': '', 'length': None}",,True,False
122,Gladys Gudgeon,human,female,,,,True,,,,"{'wood': '', 'core': '', 'length': None}",,False,False
123,Veronica Smethley,human,female,,,,True,,,,"{'wood': '', 'core': '', 'length': None}",,False,False
124,Patrick Delaney-Podmore,ghost,male,,,,True,,,,"{'wood': '', 'core': '', 'length': None}",,False,False
125,Z. Nettles,human,female,,,,True,,,,"{'wood': '', 'core': '', 'length': None}",,False,False
126,D.J. Prod,human,male,,,,True,,,,"{'wood': '', 'core': '', 'length': None}",,False,False
127,Elsie Prod,human,female,,,,True,,,,"{'wood': '', 'core': '', 'length': None}",,False,False
128,Moaning Myrtle,ghost,female,Ravenclaw,,,True,muggleborn,,,"{'wood': '', 'core': '', 'length': None}",,False,False
129,Godric Gryffindor,human,male,,,,True,,,,"{'wood': '', 'core': '', 'length': None}",,False,False
130,Rowena Ravenclaw,human,female,,,,True,,,,"{'wood': '', 'core': '', 'length': None}",,False,False
131,Helga Hufflepuff,human,female,,,,True,,,,"{'wood': '', 'core': '', 'length': None}",,False,False
132,Salazar Slytherin,human,male,,,,True,,,,"{'wood': '', 'core': '', 'length': None}",,False,False
133,Madame Pince,human,female,,,,True,,,,"{'wood': '', 'core': '', 'length': None}",,False,True
134,Milicent Bullstroude,human,female,Slytherin,,,True,,,black,"{'wood': '', 'core': '', 'length': None}",,True,False
135,Ernie Macmillan,human,male,Hufflepuff,,,True,,,blond,"{'wood': '', 'core': '', 'length': None}",boar,True,False
136,Armando Dippet,human,male,,,,True,,,white,"{'wood': '', 'core': '', 'length': None}",,False,False
137,Penelope Clearwater,human,female,Ravenclaw,,,True,,,,"{'wood': '', 'core': '', 'length': None}",,True,False
138,Cornelius Fudge,human,male,,,,True,,,grey,"{'wood': '', 'core': '', 'length': None}",,False,False
139,Aragog,acromantula,male,,,,False,,white,brown,"{'wood': '', 'core': '', 'length': None}",,False,False
140,Mosag,acromantula,female,,,,False,,black,brown,"{'wood': '', 'core': '', 'length': None}",,False,False
141,Stanley Shunpike,human,male,,,,True,,,,"{'wood': '', 'core': '', 'length': None}",,False,False
142,Ernest Prang,human,male,,,,True,,,,"{'wood': '', 'core': '', 'length': None}",,False,False
143,Madam Marsh,human,female,,,,True,,,,"{'wood': '', 'core': '', 'length': None}",,False,False
144,Florean Fortescue,human,male,,,,True,,,,"{'wood': '', 'core': '', 'length': None}",,False,False
145,Sir Cadogan,human,male,,,,True,,,,"{'wood': '', 'core': '', 'length': None}",,False,False
146,Sybill Trelawney,human,female,,,,True,,,,"{'wood': '', 'core': '', 'length': None}",,False,True
147,Buckbeak,hippogriff,male,,,,False,,orange,,"{'wood': '', 'core': '', 'length': None}",,False,False
148,Peter Pettigrew,human,male,Gryffindor,,,True,,,,"{'wood': 'chestnut', 'core': 'dragon heartstring', 'length': 9.25}",,False,False
149,Madam Rosmerta,human,female,,,,True,,,,"{'wood': '', 'core': '', 'length': None}",,False,False
150,Derek,human,male,,,,True,,,,"{'wood': '', 'core': '', 'length': None}",,True,False
151,Septima Vector,human,female,,,,True,,,,"{'wood': '', 'core': '', 'length': None}",,False,True
152,Cassius Warrington,human,male,Slytherin,,,True,,,,"{'wood': '', 'core': '', 'length': None}",,True,False
153,Graham Montague,human,male,Slytherin,,,True,,,,"{'wood': '', 'core': '', 'length': None}",,True,False
154,Peregrine Derrick,human,male,Slytherin,,,True,,,,"{'wood': '', 'core': '', 'length': None}",,True,False
155,Lucian Bole,human,male,Slytherin,,,True,,,,"{'wood': '', 'core': '', 'length': None}",,True,False
156,Walden Macnair,human,male,Slytherin,,,True,,,black,"{'wood': '', 'core': '', 'length': None}",,False,False
157,Franc Bryce,human,male,,,,False,muggle,,,"{'wood': '', 'core': '', 'length': None}",,False,False
158,Dot,human,female,,,,False,muggle,,,"{'wood': '', 'core': '', 'length': None}",,False,False
159,Bertha Jorkins,human,female,,,,True,,,,"{'wood': '', 'core': '', 'length': None}",,False,False
160,Barty Crouch,human,male,,,,True,pure-blood,,,"{'wood': '', 'core': '', 'length': None}",,False,False
161,Ludo Bagman,human,male,,,,True,,blue,blond,"{'wood': '', 'core': '', 'length': None}",,False,False
162,Amos Diggory,human,male,,,,True,,,brown,"{'wood': '', 'core': '', 'length': None}",,False,False
163,Mr Roberts,human,male,,,,False,muggle,,,"{'wood': '', 'core': '', 'length': None}",,False,False
164,Mr Payne,human,male,,,,False,muggle,,,"{'wood': '', 'core': '', 'length': None}",,False,False
165,Basil,human,male,,,,True,,,,"{'wood': '', 'core': '', 'length': None}",,False,False
166,Archie Aymslowe,human,male,,,,True,,,,"{'wood': '', 'core': '', 'length': None}",,False,False
167,Cuthbert Mockridge,human,male,,,,True,,,,"{'wood': '', 'core': '', 'length': None}",,False,False
168,Gilbert Wimple,human,male,,,,True,,,,"{'wood': '', 'core': '', 'length': None}",,False,False
169,Arnold Peasegood,human,male,,,,True,,,,"{'wood': '', 'core': '', 'length': None}",,False,False
170,Broderick Bode,human,male,,,,True,,,,"{'wood': '', 'core': '', 'length': None}",,False,False
171,Saul Croaker,human,male,,,,True,,,,"{'wood': '', 'core': '', 'length': None}",,False,False
172,Ali Bashir,human,male,,,,True,,,,"{'wood': '', 'core': '', 'length': None}",,False,False
173,Victor Krum,human,male,,,,True,,dark,dark,"{'wood': 'hornbeam', 'core': 'dragon heartstring', 'length': 10.25}",,False,False
174,Winky,house-elf,female,,,,False,,,,"{'wood': '', 'core': '', 'length': None}",,False,False
175,Narcissa Malfoy,human,female,,,,True,pure-blood,blue,blonde,"{'wood': '', 'core': '', 'length': None}",,False,False
176,Vasily Dimitrov,human,male,,,,True,,,,"{'wood': '', 'core': '', 'length': None}",,False,False
177,Clara Ivanova,human,female,,,,True,,,,"{'wood': '', 'core': '', 'length': None}",,False,False
178,Lev Zograf,human,male,,,,True,,,,"{'wood': '', 'core': '', 'length': None}",,False,False
179,Alexei Levski,human,male,,,,True,,,,"{'wood': '', 'core': '', 'length': None}",,False,False
180,Pyotr Vulchanov,human,male,,,,True,,,,"{'wood': '', 'core': '', 'length': None}",,False,False
181,Ivan Volkov,human,male,,,,True,,,,"{'wood': '', 'core': '', 'length': None}",,False,False
182,Connolly,human,male,,,,True,,,,"{'wood': '', 'core': '', 'length': None}",,False,False
183,Barry Ryan,human,male,,,,True,,,,"{'wood': '', 'core': '', 'length': None}",,False,False
184,Troy,human,male,,,,True,,,,"{'wood': '', 'core': '', 'length': None}",,False,False
185,Mullet,human,female,,,,True,,,,"{'wood': '', 'core': '', 'length': None}",,False,False
186,Moran,human,female,,,,True,,,,"{'wood': '', 'core': '', 'length': None}",,False,False
187,Quigley,human,male,,,,True,,,,"{'wood': '', 'core': '', 'length': None}",,False,False
188,Aidan Lynch,human,male,,,,True,,,,"{'wood': '', 'core': '', 'length': None}",,False,False
189,Hassan Mostafa,human,male,,,,True,,,,"{'wood': '', 'core': '', 'length': None}",,False,False
190,Dennis Creevey,human,male,,,,True,muggleborn,,brown,"{'wood': '', 'core': '', 'length': None}",,True,False
191,Aurora Sinistra,human,female,,,,True,,,,"{'wood': '', 'core': '', 'length': None}",,False,True
192,Stewart Ackerley,human,male,Ravenclaw,,,True,,,,"{'wood': '', 'core': '', 'length': None}",,True,False
193,Malcolm Baddock,human,male,Slytherin,,,True,,,,"{'wood': '', 'core': '', 'length': None}",,True,False
194,Eleanor Branstone,human,female,Hufflepuff,,,True,,,,"{'wood': '', 'core': '', 'length': None}",,True,False
195,Owen Cauldwell,human,male,Hufflepuff,,,True,,,,"{'wood': '', 'core': '', 'length': None}",,True,False
196,Emma Dobbs,human,female,,,,True,,,,"{'wood': '', 'core': '', 'length': None}",,True,False
197,Laura Madley,human,female,Hufflepuff,,,True,,,,"{'wood': '', 'core': '', 'length': None}",,True,False
198,Natalie McDonald,human,female,Gryffindor,,,True,,,,"{'wood': '', 'core': '', 'length': None}",,True,False
199,Graham Pritchard,human,male,Slytherin,,,True,,,,"{'wood': '', 'core': '', 'length': None}",,True,False
200,Orla Quirke,human,female,Ravenclaw,,,True,,,,"{'wood': '', 'core': '', 'length': None}",,True,False
201,Kevin Whitby,human,male,Hufflepuff,,,True,,,,"{'wood': '', 'core': '', 'length': None}",,True,False
202,Eloise Midgen,human,female,Gryffindor,,,True,,,,"{'wood': '', 'core': '', 'length': None}",,True,False
203,Alastor Moody,human,male,,,,True,pure-blood,dark,grey,"{'wood': '', 'core': '', 'length': None}",,False,True
204,Madame Maxime,half-giant,female,,,,True,,,,"{'wood': '', 'core': '', 'length': None}",,False,False
205,Igor Karkaroff,human,male,,,,True,,blue,silver,"{'wood': '', 'core': '', 'length': None}",,False,False
206,Poliakoff,human,male,,,,True,,,,"{'wood': '', 'core': '', 'length': None}",,False,False
207,Fawcett,human,female,Ravenclaw,,,True,,,,"{'wood': '', 'core': '', 'length': None}",,True,False
208,Summers,human,male,Hufflepuff,,,True,,,,"{'wood': '', 'core': '', 'length': None}",,True,False
209,Fleur Delacour,human,female,,,,True,,blue,blonde,"{'wood': '', 'core': '', 'length': None}",,False,False
210,Gregorovic,human,male,,,,True,,,white,"{'wood': '', 'core': '', 'length': None}",,False,False
211,Rita Skeeter,human,female,,,,True,,,blonde,"{'wood': '', 'core': '', 'length': None}",,False,False
212,Stebbins,human,male,Ravenclaw,,,True,,,,"{'wood': '', 'core': '', 'length': None}",,True,False
213,Wilhelmina Grubbly-Plank,human,female,,,,True,,,grey,"{'wood': '', 'core': '', 'length': None}",,False,True
214,Bozo,human,male,,,,True,,,,"{'wood': '', 'core': '', 'length': None}",,False,False
215,Evan Rosier,human,male,Slytherin,,,True,,,,"{'wood': '', 'core': '', 'length': None}",,False,False
216,Wilkes,human,male,Slytherin,,,True,,,,"{'wood': '', 'core': '', 'length': None}",,False,False
217,Avery,human,male,Slytherin,,,True,,,,"{'wood': '', 'core': '', 'length': None}",,False,False
218,Antonin Dolohov,human,male,,,,True,,,dark,"{'wood': '', 'core': '', 'length': None}",,False,False
219,Travers,human,male,,,,True,,,grey,"{'wood': '', 'core': '', 'length': None}",,False,False
220,Marlene McKinnon,human,female,,,,True,,,,"{'wood': '', 'core': '', 'length': None}",,False,False
221,Mulciber,human,male,Slytherin,,,True,,,,"{'wood': '', 'core': '', 'length': None}",,False,False
222,Augustus Rookwood,human,male,,,,True,,,,"{'wood': '', 'core': '', 'length': None}",,False,False
223,Frank Longbottom,human,male,,,,True,pure-blood,,,"{'wood': '', 'core': '', 'length': None}",,False,False
224,Alice Longbottom,human,female,,,,True,pure-blood,,white,"{'wood': '', 'core': '', 'length': None}",,False,False
225,Violet,human,female,,,,True,,,,"{'wood': '', 'core': '', 'length': None}",,False,False
226,Apollyon Pringle,human,male,,,,True,,,,"{'wood': '', 'core': '', 'length': None}",,False,False
227,Ogg,human,male,,,,True,,,,"{'wood': '', 'core': '', 'length': None}",,False,False
228,Mafalda Hopkirk,human,female,,,,True,,hazel,grey,"{'wood': '', 'core': '', 'length': None}",,False,False
229,Nymphadora Tonks,human,female,Hufflepuff,,,True,,,brown,"{'wood': '', 'core': '', 'length': None}",,False,False
230,Elphias Doge,human,male,,,,True,pure-blood,blue,silver,"{'wood': '', 'core': '', 'length': None}",,False,False
231,Dedalus Diggle,human,male,,,,True,,,,"{'wood': '', 'core': '', 'length': None}",,False,False
232,Sturgis Podmore,human,male,,,,True,,,blond,"{'wood': '', 'core': '', 'length': None}",,False,False
233,Hestia Jones,human,female,,,,True,,,black,"{'wood': '', 'core': '', 'length': None}",,False,False
234,Ragnok,goblin,male,,,,False,,,,"{'wood': '', 'core': '', 'length': None}",,False,False
235,Alphard Black,human,male,Slytherin,,,True,pure-blood,,,"{'wood': '', 'core': '', 'length': None}",,False,False
236,Regulus Black,human,male,Slytherin,,,True,pure-blood,,black,"{'wood': '', 'core': '', 'length': None}",,False,False
237,Phineas Nigelus Black,human,male,Slytherin,,,True,pure-blood,,,"{'wood': '', 'core': '', 'length': None}",,False,False
238,Araminta Meliflua Black,human,female,Slytherin,,,True,,,,"{'wood': '', 'core': '', 'length': None}",,False,False
239,Elladora Black,human,female,,,,True,pure-blood,,,"{'wood': '', 'core': '', 'length': None}",,False,False
240,Andromeda Tonks,human,female,Slytherin,,,True,pure-blood,,brown,"{'wood': '', 'core': '', 'length': None}",,False,False
241,Ted Tonks,human,female,,,,True,muggleborn,,blond,"{'wood': '', 'core': '', 'length': None}",,False,False
242,Rodolphus Lestrange,human,male,Slytherin,,,True,pure-blood,,,"{'wood': '', 'core': '', 'length': None}",,False,False
243,Rabastan Lestrange,human,male,Slytherin,,,True,pure-blood,,,"{'wood': '', 'core': '', 'length': None}",,False,False
244,Eric Munch,human,male,,,,True,,,,"{'wood': '', 'core': '', 'length': None}",,False,False
245,Bob,human,male,,,,True,,,,"{'wood': '', 'core': '', 'length': None}",,False,False
246,Bengie Fenwick,human,male,,,,True,,,,"{'wood': '', 'core': '', 'length': None}",,False,False
247,Edgar Bones,human,male,,,,True,,,,"{'wood': '', 'core': '', 'length': None}",,False,False
248,Amelia Bones,human,female,,,,True,,,grey,"{'wood': '', 'core': '', 'length': None}",,False,False
249,Caradoc Dearborn,human,male,,,,True,,,,"{'wood': '', 'core': '', 'length': None}",,False,False
250,Gideon Prewett,human,male,,,,True,pure-blood,,,"{'wood': '', 'core': '', 'length': None}",,False,False
251,Fabian Prewett,human,male,,,,True,pure-blood,,,"{'wood': '', 'core': '', 'length': None}",,False,False
252,Aberforth Dumbledore,human,male,Gryffindor,,,True,half-blood,blue,,"{'wood': '', 'core': '', 'length': None}",goat,False,False
253,Dorcas Meadowes,human,female,,,,True,,,,"{'wood': '', 'core': '', 'length': None}",,False,False
254,Algie Longbottom,human,male,,,,True,,,,"{'wood': '', 'core': '', 'length': None}",,False,False
255,Anthony Goldstein,human,male,Ravenclaw,,,True,,,,"{'wood': '', 'core': '', 'length': None}",,True,False
256,Doris Purkiss,human,male,,,,True,,,,"{'wood': '', 'core': '', 'length': None}",,False,False
257,Euan Abercrombie,human,male,Gryffindor,,,True,,,,"{'wood': '', 'core': '', 'length': None}",,True,False
258,Rose Zeller,human,female,Hufflepuff,,,True,,,,"{'wood': '', 'core': '', 'length': None}",,True,False
259,Patricia Stimpson,human,female,,,,True,,,,"{'wood': '', 'core': '', 'length': None}",,True,False
260,Kenneth Towler,human,male,Gryffindor,,,True,,,,"{'wood': '', 'core': '', 'length': None}",,True,False
261,Vicky Frobisher,human,female,Gryffindor,,,True,,,,"{'wood': '', 'core': '', 'length': None}",,True,False
262,Geoffrey Hooper,human,male,Gryffindor,,,True,,,,"{'wood': '', 'core': '', 'length': None}",,True,False
263,Cassandra Trelawney,human,female,,,,True,,,,"{'wood': '', 'core': '', 'length': None}",,False,False
264,Michael Corner,human,male,Ravenclaw,,,True,,,,"{'wood': '', 'core': '', 'length': None}",,True,False
265,Zacharias Smith,human,male,Ravenclaw,,,True,,,blond,"{'wood': '', 'core': '', 'length': None}",,True,False
266,Barnabas the Barmy,human,male,,,,True,,,,"{'wood': '', 'core': '', 'length': None}",,True,False
267,Karkus,giant,male,,,,False,,,,"{'wood': '', 'core': '', 'length': None}",,False,False
268,Golgomath,giant,male,,,,False,,,,"{'wood': '', 'core': '', 'length': None}",,False,False
269,Fridwulfa,giant,female,,,,False,,,,"{'wood': '', 'core': '', 'length': None}",,False,False
270,Andrew Kirke,human,male,Gryffindor,,,True,,,,"{'wood': '', 'core': '', 'length': None}",,True,False
271,Jack Sloper,human,male,Gryffindor,,,True,,,,"{'wood': '', 'core': '', 'length': None}",,True,False
272,Everard,human,male,,,,True,,,black,"{'wood': '', 'core': '', 'length': None}",,False,False
273,Dilys Derwent,human,female,,,,True,,,silver,"{'wood': '', 'core': '', 'length': None}",,False,False
274,Hippocrates Smethwyck,human,male,,,,True,,,,"{'wood': '', 'core': '', 'length': None}",,False,False
275,Augustus Pye,human,male,,,,True,,,,"{'wood': '', 'core': '', 'length': None}",,False,False
276,Urquhart Rackharrow,human,male,,,,True,,,,"{'wood': '', 'core': '', 'length': None}",,False,False
277,Willy Widdershins,human,male,,,,True,,,,"{'wood': '', 'core': '', 'length': None}",,False,False
278,Agnes,human,female,,,,True,,,,"{'wood': '', 'core': '', 'length': None}",,False,False
279,Miriam Strout,human,female,,,,True,,,,"{'wood': '', 'core': '', 'length': None}",,False,False
280,Madam Puddifoot,human,female,,,,True,,,black,"{'wood': '', 'core': '', 'length': None}",,False,False
281,Summerby,human,male,Hufflepuff,,,True,,,,"{'wood': '', 'core': '', 'length': None}",,True,False
282,Marietta Edgecombe,human,female,Ravenclaw,,,True,,,blonde,"{'wood': '', 'core': '', 'length': None}",,True,False
283,Madam Edgecombe,human,female,,,,True,,,,"{'wood': '', 'core': '', 'length': None}",,False,False
284,John Dawlish,human,male,,,,True,,,grey,"{'wood': '', 'core': '', 'length': None}",,False,False
285,Bradley,human,male,Ravenclaw,,,True,,,,"{'wood': '', 'core': '', 'length': None}",,True,False
286,Roger Davies,human,male,Ravenclaw,,,True,,,,"{'wood': '', 'core': '', 'length': None}",,True,False
287,Grawp,giant,male,,,,False,,green,brown,"{'wood': '', 'core': '', 'length': None}",,False,False
288,Griselda Marchbanks,human,female,,,,True,,,,"{'wood': '', 'core': '', 'length': None}",,False,False
289,Eddie Carmichael,human,male,Ravenclaw,,,True,,,,"{'wood': '', 'core': '', 'length': None}",,True,False
290,Daphne Greengrass,human,female,Slytherin,,,True,pure-blood,,,"{'wood': '', 'core': '', 'length': None}",,True,False
291,Tofty,human,male,,,,True,,brown,grey,"{'wood': '', 'core': '', 'length': None}",,False,False
292,Tiberius Ogden,human,male,,,,True,,,,"{'wood': '', 'core': '', 'length': None}",,False,False
293,Pierre Bonaccord,human,male,,,,True,,,,"{'wood': '', 'core': '', 'length': None}",,False,False
294,Stubby Boardman,human,male,,,,True,,,,"{'wood': '', 'core': '', 'length': None}",,False,False
295,Magorian,centaur,male,,,,True,,,black,"{'wood': '', 'core': '', 'length': None}",,False,False
296,Emmeline Vance,human,female,,,,True,,,,"{'wood': '', 'core': '', 'length': None}",,False,False
297,Herbert Chorley,human,male,,,,False,muggle,,,"{'wood': '', 'core': '', 'length': None}",,False,False
298,Rufus Scrimgeour,human,male,,,,True,,yellowish,tawny,"{'wood': '', 'core': '', 'length': None}",,False,False
299,Corban Yaxley,human,male,,,,True,,blue,blond,"{'wood': '', 'core': '', 'length': None}",,False,False
300,Fenrir Greyback,werewolf,male,,,,True,,,grey,"{'wood': '', 'core': '', 'length': None}",,False,False
301,Dirk Cresswell,human,male,,,,True,muggleborn,,,"{'wood': '', 'core': '', 'length': None}",,False,False
302,Barnabas Cuffe,human,male,,,,True,,,,"{'wood': '', 'core': '', 'length': None}",,False,False
303,Ambrosius Flume,human,male,,,,True,,,bald,"{'wood': '', 'core': '', 'length': None}",,False,False
304,Gwenog Jones,human,female,,,,True,,brown,brown,"{'wood': '', 'core': '', 'length': None}",,False,False
305,Arkie Philpott,human,male,,,,True,,,,"{'wood': '', 'core': '', 'length': None}",,False,False
306,Verity,human,female,,,,True,,,blonde,"{'wood': '', 'core': '', 'length': None}",,False,False
307,Romilda Vane,human,female,Gryffindor,,,True,,dark,black,"{'wood': '', 'core': '', 'length': None}",,True,False
308,Cormac McLaggen,human,male,Gryffindor,,,True,,,,"{'wood': '', 'core': '', 'length': None}",,True,False
309,Marcus Belby,human,male,Ravenclaw,,,True,,,,"{'wood': '', 'core': '', 'length': None}",,True,False
310,Damocles Belby,human,male,,,,True,,,,"{'wood': '', 'core': '', 'length': None}",,False,False
311,Tiberius,human,male,,,,True,,,,"{'wood': '', 'core': '', 'length': None}",,True,False
312,Bertie Higgs,human,male,,,,True,,,,"{'wood': '', 'core': '', 'length': None}",,False,False
313,Proudfoot,human,male,,,,True,,,,"{'wood': '', 'core': '', 'length': None}",,False,False
314,Savage,human,male,,,,True,,,,"{'wood': '', 'core': '', 'length': None}",,False,False
315,Humphrey Belcher,human,male,,,,True,,,,"{'wood': '', 'core': '', 'length': None}",,False,False
316,Bob Ogden,human,male,,,,True,,,,"{'wood': '', 'core': '', 'length': None}",,False,False
317,Morfin Gaunt,human,male,,,,True,pure-blood,dark,,"{'wood': '', 'core': '', 'length': None}",,False,False
318,Marvolo Gaunt,human,male,,,,True,pure-blood,brown,grey,"{'wood': '', 'core': '', 'length': None}",,False,False
319,Merope Gaunt,human,female,,,,True,pure-blood,,dull,"{'wood': '', 'core': '', 'length': None}",,False,False
320,Cecilia,human,female,,,,False,muggle,,,"{'wood': '', 'core': '', 'length': None}",,False,False
321,Tom Riddle,human,male,,,,False,muggle,,dark,"{'wood': '', 'core': '', 'length': None}",,False,False
322,Demelza Robins,human,female,Gryffindor,,,True,,,,"{'wood': '', 'core': '', 'length': None}",,True,False
323,Jimmy Peakes,human,male,Gryffindor,,,True,,,,"{'wood': '', 'core': '', 'length': None}",,True,False
324,Ritchie Coote,human,male,Gryffindor,,,True,,,,"{'wood': '', 'core': '', 'length': None}",,True,False
325,Melinda Bobbin,human,female,,,,True,,,,"{'wood': '', 'core': '', 'length': None}",,True,False
326,Leanne,human,female,Hufflepuff,,,True,,,,"{'wood': '', 'core': '', 'length': None}",,True,False
327,Caractacus Burke,human,male,,,,True,,,,"{'wood': '', 'core': '', 'length': None}",,False,False
328,Billy Stubbs,human,male,,,,False,muggle,,,"{'wood': '', 'core': '', 'length': None}",,False,False
329,Amy Benson,human,female,,,,False,muggle,,,"{'wood': '', 'core': '', 'length': None}",,False,False
330,Dennis Bishop,human,male,,,,False,muggle,,,"{'wood': '', 'core': '', 'length': None}",,False,False
331,Mrs Cole,human,female,,,,False,muggle,,,"{'wood': '', 'core': '', 'length': None}",,False,False
332,Eric Whalley,human,male,,,,False,muggle,,,"{'wood': '', 'core': '', 'length': None}",,False,False
333,Vaisey,human,male,Slytherin,,,True,,,dark,"{'wood': '', 'core': '', 'length': None}",,True,False
334,Harper,human,male,Slytherin,,,True,,,,"{'wood': '', 'core': '', 'length': None}",,True,False
335,Urquhart,human,male,Slytherin,,,True,,,,"{'wood': '', 'core': '', 'length': None}",,True,False
336,Eldred Worple,human,male,,,,True,,,,"{'wood': '', 'core': '', 'length': None}",,False,False
337,Sangwini,vampire,male,,,,True,,,dark,"{'wood': '', 'core': '', 'length': None}",,False,False
338,Gawain Robards,human,male,,,,True,,,,"{'wood': '', 'core': '', 'length': None}",,False,False
339,Fergus,human,male,,,,True,,,,"{'wood': '', 'core': '', 'length': None}",,False,False
340,Wilkie Twycross,human,male,,,,True,,,,"{'wood': '', 'core': '', 'length': None}",,False,False
341,Cadwallader,human,male,Hufflepuff,,,True,,,,"{'wood': '', 'core': '', 'length': None}",,True,False
342,Galatea Merrythought,human,female,,,,True,,,,"{'wood': '', 'core': '', 'length': None}",,False,True
343,Hepzibah Smith,human,female,,,,True,,,,"{'wood': '', 'core': '', 'length': None}",,False,False
344,Hokey,house-elf,female,,,,False,,,,"{'wood': '', 'core': '', 'length': None}",,False,False
345,Octavius Pepper,human,male,,,,False,,,,"{'wood': '', 'core': '', 'length': None}",,False,False
346,Bertram Aubrey,human,male,,,,False,,,,"{'wood': '', 'core': '', 'length': None}",,False,False
347,Eileen Prince,human,female,,,,False,pure-blood,,,"{'wood': '', 'core': '', 'length': None}",,False,False
348,Amycus Carrow,human,male,Slytherin,,,True,,,,"{'wood': '', 'core': '', 'length': None}",,False,False
349,Alecto Carrow,human,female,Slytherin,,,True,,,,"{'wood': '', 'core': '', 'length': None}",,False,False
350,Gibbon,human,male,,,,True,,,,"{'wood': '', 'core': '', 'length': None}",,False,False
351,Tobias Snape,human,male,,,,False,,,,"{'wood': '', 'core': '', 'length': None}",,False,False
352,Pius Thicknesse,human,male,,,,True,,,black,"{'wood': '', 'core': '', 'length': None}",,False,False
353,Charity Burbage,human,female,,,,True,,,,"{'wood': '', 'core': '', 'length': None}",,False,True
354,Percival Dumbledore,human,male,,,,True,,,,"{'wood': '', 'core': '', 'length': None}",,False,False
355,Kendra Dumbledore,human,female,,,,True,muggleborn,dark,black,"{'wood': '', 'core': '', 'length': None}",,False,False
356,Ariana Dumbledore,human,female,,,,True,half-blood,,,"{'wood': '', 'core': '', 'length': None}",,False,False
357,Betty Braithwaite,human,female,,,,True,,,,"{'wood': '', 'core': '', 'length': None}",,False,False
358,Apolline Delacour,half-human,female,,,,True,half-veela,,blonde,"{'wood': '', 'core': '', 'length': None}",,False,False
359,Gabrielle Delacour,human,female,,,,True,quarter-veela,,blonde,"{'wood': '', 'core': '', 'length': None}",,False,False
360,Monsieur Delacour,human,male,,,,True,,,black,"{'wood': '', 'core': '', 'length': None}",,False,False
361,Dragomir Gorgovitch,human,male,,,,True,,,,"{'wood': '', 'core': '', 'length': None}",,False,False
362,Xenophilius Lovegood,human,male,Ravenclaw,,,True,,,white,"{'wood': '', 'core': '', 'length': None}",,False,False
363,Muriel,human,female,,,,True,,,grey,"{'wood': '', 'core': '', 'length': None}",,False,False
364,Bilius,human,male,,,,True,,,,"{'wood': '', 'core': '', 'length': None}",,False,False
365,Thorfinn Rowle,human,male,,,,True,,,blond,"{'wood': '', 'core': '', 'length': None}",,False,False
366,Reg Cattermole,human,male,,,,True,,,,"{'wood': '', 'core': '', 'length': None}",,False,False
367,Albert Runcorn,human,male,,,,True,,,black,"{'wood': '', 'core': '', 'length': None}",,False,False
368,Arkie Alderton,human,male,,,,True,,,,"{'wood': '', 'core': '', 'length': None}",,False,False
369,Mary Cattermole,human,female,,,,True,muggleborn,,,"{'wood': 'cherry', 'core': 'unicorn hair', 'length': 8.75}",,False,False
370,Maisie Cattermole,human,female,,,,True,,,,"{'wood': '', 'core': '', 'length': None}",,False,False
371,Ellie Cattermole,human,female,,,,True,,,,"{'wood': '', 'core': '', 'length': None}",,False,False
372,Alfred Cattermole,human,male,,,,True,,,,"{'wood': '', 'core': '', 'length': None}",,False,False
373,Gornuk,goblin,male,,,,False,,,,"{'wood': '', 'core': '', 'length': None}",,False,False
374,Bowman Wright,human,male,,,,True,,,,"{'wood': '', 'core': '', 'length': None}",,False,False
375,Ivor Dillonsby,human,male,,,,True,,,,"{'wood': '', 'core': '', 'length': None}",,False,False
376,Enid Smeek,human,female,,,,True,,,,"{'wood': '', 'core': '', 'length': None}",,False,False
377,Egbert the Egregious,human,male,,,,True,,,,"{'wood': '', 'core': '', 'length': None}",,False,False
378,Godelot,human,male,,,,True,,,,"{'wood': '', 'core': '', 'length': None}",,False,False
379,Hereward,human,male,,,,True,,,,"{'wood': '', 'core': '', 'length': None}",,False,False
380,Loxias,human,male,,,,True,,,,"{'wood': '', 'core': '', 'length': None}",,False,False
381,Barnabas Deverill,human,male,,,,True,,,,"{'wood': '', 'core': '', 'length': None}",,False,False
382,Arcus,human,male,,,,True,,,,"{'wood': '', 'core': '', 'length': None}",,False,False
383,Livius,human,male,,,,True,,,,"{'wood': '', 'core': '', 'length': None}",,False,False
384,Antioch Peverell,human,male,,,,True,pure-blood,,,"{'wood': '', 'core': '', 'length': None}",,False,False
385,Cadmus Peverell,human,male,,,,True,pure-blood,,,"{'wood': '', 'core': '', 'length': None}",,False,False
386,Ignotus Peverell,human,male,,,,True,pure-blood,,,"{'wood': '', 'core': '', 'length': None}",,False,False
387,Selwyn,human,male,,,,True,pure-blood,,,"{'wood': '', 'core': '', 'length': None}",,False,False
388,Scabior,human,male,Slytherin,,,True,,,,"{'wood': '', 'core': '', 'length': None}",,False,False
389,Ragnuk the First,goblin,male,,,,False,,,,"{'wood': '', 'core': '', 'length': None}",,False,False
390,Ted Lupin,human,male,Hufflepuff,,,True,half-blood,,,"{'wood': '', 'core': '', 'length': None}",,False,False
391,Marius,human,male,,,,True,,,,"{'wood': '', 'core': '', 'length': None}",,False,False
392,Bogrod,goblin,male,,,,False,,black,white,"{'wood': '', 'core': '', 'length': None}",,False,False
393,The Grey Lady,ghost,female,,,,True,,,,"{'wood': '', 'core': '', 'length': None}",,False,False
394,Dexter Fortescue,human,male,,,,True,,,,"{'wood': '', 'core': '', 'length': None}",,False,False
395,Lily Potter,human,female,Gryffindor,,,True,half-blood,,red,"{'wood': '', 'core': '', 'length': None}",,False,False
396,James Potter,human,male,Gryffindor,,,True,half-blood,,,"{'wood': '', 'core': '', 'length': None}",,True,False
397,Albus Severus Potter,human,male,Slytherin,,,True,half-blood,green,black,"{'wood': '', 'core': '', 'length': None}",,True,False
398,Rose Weasley,human,female,Gryffindor,,,True,half-blood,,red,"{'wood': '', 'core': '', 'length': None}",,True,False
399,Hugo Weasley,human,male,,,,True,half-blood,,brown,"{'wood': '', 'core': '', 'length': None}",,True,False
400,Scorpius Malfoy,human,male,Slytherin,,,True,pure-blood,grey,blond,"{'wood': '', 'core': '', 'length': None}",,True,False
401,Victoire Weasley,human,female,,,,True,,,blonde,"{'wood': '', 'core': '', 'length': None}",,True,False
0,Amit Thakkar,human,male,Ravenclaw,,1874.0,True,,brown,brown,,,True,False
1,Everett Clopton,human,male,Ravenclaw,,1874.0,True,half-blood,brown,brown,,,True,False
2,Lucan Brattleby,human,male,Gryffindor,,1875.0,True,,brown,brown,,,True,False
3,Mahendra Pehlwaan,human,male,Ravenclaw,,,True,muggleborn,brown,brown,,,True,False
4,Natsai Onai,human,female,Gryffindor,,1874.0,True,,brown,black,,,True,False
5,Nellie Oggspire,human,female,Gryffindor,,1872.0,True,,brown,black,,,True,False
6,Nerida Roberts,human,female,Slytherin,,1872.0,True,,brown,brown,,,True,False
7,Poppy Sweeting,human,female,Hufflepuff,,1874.0,True,,brown,brown,,,True,False
8,Sebastian Sallow,human,male,Slytherin,,1874.0,True,,brown,brown,,,True,False
9,Zenobia Noke,human,female,Ravenclaw,,1878.0,True,,brown,brown,,,True,False
10,Professor Phineas Nigellus Black,human,male,Slytherin,,1847.0,True,pure-blood,blue,black,,,False,True
11,Professor Matilda Weasley,human,female,Gryffindor,,,True,,brown,red,,,False,True
12,Professor Abraham Ronen,human,male,Slytherin,,,True,,brown,grey,,,False,True
13,Professor Aesop Sharp,human,male,Slytherin,,1858.0,True,,brown,brown,,,False,True
14,Professor Cuthbert Binns,ghost,male,,,,True,,black,white,,,False,True
15,Professor Dinah Hecat,human,female,Ravenclaw,,1847.0,True,,brown,grey,,,False,True
16,Professor Eleazar Fig,human,male,Gryffindor,,,True,,brown,grey,,,False,True
17,Professor Mirabel Garlick,human,female,Hufflepuff,,,True,muggleborn,brown,red,,,False,True
18,Professor Onai,human,female,,,,True,,brown,black,,,False,True
19,Professor Satyavati Shah,human,female,Ravenclaw,,,True,muggleborn,brown,grey,,,False,True
20,Cassandra Mason,human,female,,,,False,,brown,brown,,,False,False
21,Deek,elf,male,,,,False,,green,grey,,,False,False
22,Fastidio,poltergeist,male,,,,False,,brown,grey,,,False,False
23,George Osric,human,male,Hufflepuff,,,True,,brown,brown,,,False,False
24,The Fat Lady,ghost,female,Gryffindor,,,True,,,brown,,,False,False
25,Nearly Headless Nick,ghost,male,Gryffindor,,1401.0,True,,brown,grey,,,False,False
26,Peeves,poltergeist,male,,,,,,black,black,,,False,False
27,Scrope,elf,male,,,,False,,blue,grey,,,False,False
28,Sirona Ryan,human,female,Ravenclaw,,,True,,brown,brown,,,False,False
29,Ranrok,goblin,male,,,,False,,red,grey,,,False,False
30,Victor Rookwood,human,male,,,1868.0,True,,brown,brown,,,False,False
